ID,ISO,Name,NEWISO,NEWNAME,ISOCOLONY,COLONYNAME,SIDE1,SIDE2
1,DEU,Breisgau-Hochschwarzwald,DEU,Breisgau-Hochschwarzwald,DEU,,,
2,DEU,Emmendingen,DEU,Emmendingen,DEU,,,
3,DEU,Freiburg,DEU,Freiburg,DEU,,,
4,DEU,Konstanz,DEU,Konstanz,DEU,,,
5,DEU,Lörrach,DEU,Lörrach,DEU,,,
6,DEU,Ortenaukreis,DEU,Ortenaukreis,DEU,,,
7,DEU,Rottweil,DEU,Rottweil,DEU,,,
8,DEU,Schwarzwald-Baar-Kreis,DEU,Schwarzwald-Baar-Kreis,DEU,,,
9,DEU,Tuttlingen,DEU,Tuttlingen,DEU,,,
10,DEU,Waldshut,DEU,Waldshut,DEU,,,
11,DEU,Baden-Baden Städte,DEU,Baden-Baden Städte,DEU,,,
12,DEU,Calw,DEU,Calw,DEU,,,
13,DEU,Enz,DEU,Enz,DEU,,,
14,DEU,Freudenstadt,DEU,Freudenstadt,DEU,,,
15,DEU,Heidelberg Städte,DEU,Heidelberg Städte,DEU,,,
16,DEU,Karlsruhe Städte,DEU,Karlsruhe Städte,DEU,,,
17,DEU,Karlsruhe,DEU,Karlsruhe,DEU,,,
18,DEU,Mannheim Städte,DEU,Mannheim Städte,DEU,,,
19,DEU,Neckar-Odenwald-Kreis,DEU,Neckar-Odenwald-Kreis,DEU,,,
20,DEU,Pforzheim Städte,DEU,Pforzheim Städte,DEU,,,
21,DEU,Rastatt,DEU,Rastatt,DEU,,,
22,DEU,Rhein-Neckar-Kreis,DEU,Rhein-Neckar-Kreis,DEU,,,
23,DEU,Böblingen,DEU,Böblingen,DEU,,,
24,DEU,Esslingen,DEU,Esslingen,DEU,,,
25,DEU,Göppingen,DEU,Göppingen,DEU,,,
26,DEU,Heidenheim,DEU,Heidenheim,DEU,,,
27,DEU,Heilbronn city Städte,DEU,Heilbronn city Städte,DEU,,,
28,DEU,Heilbronn,DEU,Heilbronn,DEU,,,
29,DEU,Hohenlohe,DEU,Hohenlohe,DEU,,,
30,DEU,Ludwigsburg,DEU,Ludwigsburg,DEU,,,
31,DEU,Main-Tauber,DEU,Main-Tauber,DEU,,,
32,DEU,Ostalbkreis,DEU,Ostalbkreis,DEU,,,
33,DEU,Rems-Murr-Kreis,DEU,Rems-Murr-Kreis,DEU,,,
34,DEU,Schwäbisch Hall,DEU,Schwäbisch Hall,DEU,,,
35,DEU,Stuttgart Städte,DEU,Stuttgart Städte,DEU,,,
36,DEU,Alb-Donau,DEU,Alb-Donau,DEU,,,
37,DEU,Biberach,DEU,Biberach,DEU,,,
38,DEU,Bodensee,DEU,Bodensee,DEU,,,
39,DEU,Ravensburg,DEU,Ravensburg,DEU,,,
40,DEU,Reutlingen,DEU,Reutlingen,DEU,,,
41,DEU,Sigmaringen,DEU,Sigmaringen,DEU,,,
42,DEU,Tübingen,DEU,Tübingen,DEU,,,
43,DEU,Ulm Städte,DEU,Ulm Städte,DEU,,,
44,DEU,Zollernalbkreis,DEU,Zollernalbkreis,DEU,,,
45,DEU,Ansbach Städte,DEU,Ansbach Städte,DEU,,,
46,DEU,Ansbach,DEU,Ansbach,DEU,,,
47,DEU,Erlangen-Höchstadt,DEU,Erlangen-Höchstadt,DEU,,,
48,DEU,Erlangen Städte,DEU,Erlangen Städte,DEU,,,
49,DEU,Fürth Städte,DEU,Fürth Städte,DEU,,,
50,DEU,Fürth,DEU,Fürth,DEU,,,
51,DEU,Nürnberger Land,DEU,Nürnberger Land,DEU,,,
52,DEU,Neustadt-Bad Windsheim,DEU,Neustadt-Bad Windsheim,DEU,,,
53,DEU,Nuremberg Städte,DEU,Nuremberg Städte,DEU,,,
54,DEU,Roth,DEU,Roth,DEU,,,
55,DEU,Schwabach Städte,DEU,Schwabach Städte,DEU,,,
56,DEU,Weißenburg-Gunzenhausen,DEU,Weißenburg-Gunzenhausen,DEU,,,
57,DEU,Deggendorf,DEU,Deggendorf,DEU,,,
58,DEU,Dingolfing-Landau,DEU,Dingolfing-Landau,DEU,,,
59,DEU,Freyung-Grafenau,DEU,Freyung-Grafenau,DEU,,,
60,DEU,Kelheim,DEU,Kelheim,DEU,,,
61,DEU,Landshut Städte,DEU,Landshut Städte,DEU,,,
62,DEU,Landshut,DEU,Landshut,DEU,,,
63,DEU,Passau Städte,DEU,Passau Städte,DEU,,,
64,DEU,Passau,DEU,Passau,DEU,,,
65,DEU,Regen,DEU,Regen,DEU,,,
66,DEU,Rottal-Inn,DEU,Rottal-Inn,DEU,,,
67,DEU,Straubing-Bogen,DEU,Straubing-Bogen,DEU,,,
68,DEU,Straubing Städte,DEU,Straubing Städte,DEU,,,
69,DEU,Altötting,DEU,Altötting,DEU,,,
70,DEU,Bad Tölz-Wolfratshausen,DEU,Bad Tölz-Wolfratshausen,DEU,,,
71,DEU,Berchtesgadener Land,DEU,Berchtesgadener Land,DEU,,,
72,DEU,Dachau,DEU,Dachau,DEU,,,
73,DEU,Ebersberg,DEU,Ebersberg,DEU,,,
74,DEU,Eichstätt,DEU,Eichstätt,DEU,,,
75,DEU,Erding,DEU,Erding,DEU,,,
76,DEU,Fürstenfeldbruck,DEU,Fürstenfeldbruck,DEU,,,
77,DEU,Freising,DEU,Freising,DEU,,,
78,DEU,Garmisch-Partenkirchen,DEU,Garmisch-Partenkirchen,DEU,,,
79,DEU,Ingolstadt Städte,DEU,Ingolstadt Städte,DEU,,,
80,DEU,Landsberg,DEU,Landsberg,DEU,,,
81,DEU,Mühldorf,DEU,Mühldorf,DEU,,,
82,DEU,München,DEU,München,DEU,,,
83,DEU,Miesbach,DEU,Miesbach,DEU,,,
84,DEU,Munich Städte,DEU,Munich Städte,DEU,,,
85,DEU,Neuburg-Schrobenhausen,DEU,Neuburg-Schrobenhausen,DEU,,,
86,DEU,Pfaffenhofen,DEU,Pfaffenhofen,DEU,,,
87,DEU,Rosenheim Städte,DEU,Rosenheim Städte,DEU,,,
88,DEU,Rosenheim,DEU,Rosenheim,DEU,,,
89,DEU,Starnberg,DEU,Starnberg,DEU,,,
90,DEU,Traunstein,DEU,Traunstein,DEU,,,
91,DEU,Weilheim-Schongau,DEU,Weilheim-Schongau,DEU,,,
92,DEU,Bamberg Städte,DEU,Bamberg Städte,DEU,,,
93,DEU,Bamberg,DEU,Bamberg,DEU,,,
94,DEU,Bayreuth Städte,DEU,Bayreuth Städte,DEU,,,
95,DEU,Bayreuth,DEU,Bayreuth,DEU,,,
96,DEU,Coburg Städte,DEU,Coburg Städte,DEU,,,
97,DEU,Coburg,DEU,Coburg,DEU,,,
98,DEU,Forchheim,DEU,Forchheim,DEU,,,
99,DEU,Hof Städte,DEU,Hof Städte,DEU,,,
100,DEU,Hof,DEU,Hof,DEU,,,
101,DEU,Kronach,DEU,Kronach,DEU,,,
102,DEU,Kulmbach,DEU,Kulmbach,DEU,,,
103,DEU,Lichtenfels,DEU,Lichtenfels,DEU,,,
104,DEU,Wunsiedel,DEU,Wunsiedel,DEU,,,
105,DEU,Amberg-Sulzbach,DEU,Amberg-Sulzbach,DEU,,,
106,DEU,Amberg Städte,DEU,Amberg Städte,DEU,,,
107,DEU,Cham,DEU,Cham,DEU,,,
108,DEU,Neumarkt,DEU,Neumarkt,DEU,,,
109,DEU,Neustadt,DEU,Neustadt,DEU,,,
110,DEU,Regensburg Städte,DEU,Regensburg Städte,DEU,,,
111,DEU,Regensburg,DEU,Regensburg,DEU,,,
112,DEU,Schwandorf,DEU,Schwandorf,DEU,,,
113,DEU,Tirschenreuth,DEU,Tirschenreuth,DEU,,,
114,DEU,Weiden Städte,DEU,Weiden Städte,DEU,,,
115,DEU,Aichach-Friedberg,DEU,Aichach-Friedberg,DEU,,,
116,DEU,Augsburg Städte,DEU,Augsburg Städte,DEU,,,
117,DEU,Augsburg,DEU,Augsburg,DEU,,,
118,DEU,Dillingen,DEU,Dillingen,DEU,,,
119,DEU,Donau-Ries,DEU,Donau-Ries,DEU,,,
120,DEU,Günzburg,DEU,Günzburg,DEU,,,
121,DEU,Kaufbeuren Städte,DEU,Kaufbeuren Städte,DEU,,,
122,DEU,Kempten Städte,DEU,Kempten Städte,DEU,,,
123,DEU,Lindau,DEU,Lindau,DEU,,,
124,DEU,Memmingen Städte,DEU,Memmingen Städte,DEU,,,
125,DEU,Neu-Ulm,DEU,Neu-Ulm,DEU,,,
126,DEU,Oberallgäu,DEU,Oberallgäu,DEU,,,
127,DEU,Ostallgäu,DEU,Ostallgäu,DEU,,,
128,DEU,Unterallgäu,DEU,Unterallgäu,DEU,,,
129,DEU,Aschaffenburg Städte,DEU,Aschaffenburg Städte,DEU,,,
130,DEU,Aschaffenburg,DEU,Aschaffenburg,DEU,,,
131,DEU,Bad Kissingen,DEU,Bad Kissingen,DEU,,,
132,DEU,Haßberge,DEU,Haßberge,DEU,,,
133,DEU,Kitzingen,DEU,Kitzingen,DEU,,,
134,DEU,Main-Spessart,DEU,Main-Spessart,DEU,,,
135,DEU,Miltenberg,DEU,Miltenberg,DEU,,,
136,DEU,Rhön-Grabfeld,DEU,Rhön-Grabfeld,DEU,,,
137,DEU,Schweinfurt Städte,DEU,Schweinfurt Städte,DEU,,,
138,DEU,Schweinfurt,DEU,Schweinfurt,DEU,,,
139,DEU,Würzburg Städte,DEU,Würzburg Städte,DEU,,,
140,DEU,Würzburg,DEU,Würzburg,DEU,,,
141,DEU,Berlin,DEU,Berlin,DEU,,,
142,DEU,Barnim,DEU,Barnim,DEU,,,
143,DEU,Brandenburg an der Havel Städte,DEU,Brandenburg an der Havel Städte,DEU,,,
144,DEU,Cottbus Städte,DEU,Cottbus Städte,DEU,,,
145,DEU,Dahme-Spreewald,DEU,Dahme-Spreewald,DEU,,,
146,DEU,Elbe-Elster,DEU,Elbe-Elster,DEU,,,
147,DEU,Frankfurt am Oder Städte,DEU,Frankfurt am Oder Städte,DEU,,,
148,DEU,Havelland,DEU,Havelland,DEU,,,
149,DEU,Märkisch-Oderland,DEU,Märkisch-Oderland,DEU,,,
150,DEU,Oberhavel,DEU,Oberhavel,DEU,,,
151,DEU,Oberspreewald-Lausitz,DEU,Oberspreewald-Lausitz,DEU,,,
152,DEU,Oder-Spree,DEU,Oder-Spree,DEU,,,
153,DEU,Ostprignitz-Ruppin,DEU,Ostprignitz-Ruppin,DEU,,,
154,DEU,Potsdam-Mittelmark,DEU,Potsdam-Mittelmark,DEU,,,
155,DEU,Potsdam Städte,DEU,Potsdam Städte,DEU,,,
156,DEU,Prignitz,DEU,Prignitz,DEU,,,
157,DEU,Spree-Neiße,DEU,Spree-Neiße,DEU,,,
158,DEU,Teltow-Fläming,DEU,Teltow-Fläming,DEU,,,
159,DEU,Uckermark,DEU,Uckermark,DEU,,,
160,DEU,Bremen Städte,DEU,Bremen Städte,DEU,,,
161,DEU,Bremerhaven,DEU,Bremerhaven,DEU,,,
162,DEU,Hamburg Städte,DEU,Hamburg Städte,DEU,,,
163,DEU,Bergstraße,DEU,Bergstraße,DEU,,,
164,DEU,Darmstadt-Dieburg,DEU,Darmstadt-Dieburg,DEU,,,
165,DEU,Darmstadt Städte,DEU,Darmstadt Städte,DEU,,,
166,DEU,Frankfurt am Main Städte,DEU,Frankfurt am Main Städte,DEU,,,
167,DEU,Groß-Gerau,DEU,Groß-Gerau,DEU,,,
168,DEU,Hochtaunuskreis,DEU,Hochtaunuskreis,DEU,,,
169,DEU,Main-Kinzig-Kreis,DEU,Main-Kinzig-Kreis,DEU,,,
170,DEU,Main-Taunus-Kreis Städte,DEU,Main-Taunus-Kreis Städte,DEU,,,
171,DEU,Odenwaldkreis,DEU,Odenwaldkreis,DEU,,,
172,DEU,Offenbach am Main Städte,DEU,Offenbach am Main Städte,DEU,,,
173,DEU,Offenbach,DEU,Offenbach,DEU,,,
174,DEU,Rheingau-Taunus-Kreis,DEU,Rheingau-Taunus-Kreis,DEU,,,
175,DEU,Wetteraukreis,DEU,Wetteraukreis,DEU,,,
176,DEU,Wiesbaden Städte,DEU,Wiesbaden Städte,DEU,,,
177,DEU,Gießen,DEU,Gießen,DEU,,,
178,DEU,Lahn-Dill-Kreis,DEU,Lahn-Dill-Kreis,DEU,,,
179,DEU,Limburg-Weilburg,DEU,Limburg-Weilburg,DEU,,,
180,DEU,Marburg-Biedenkopf,DEU,Marburg-Biedenkopf,DEU,,,
181,DEU,Vogelsbergkreis,DEU,Vogelsbergkreis,DEU,,,
182,DEU,Fulda,DEU,Fulda,DEU,,,
183,DEU,Hersfeld-Rotenburg,DEU,Hersfeld-Rotenburg,DEU,,,
184,DEU,Kassel Städte,DEU,Kassel Städte,DEU,,,
185,DEU,Kassel,DEU,Kassel,DEU,,,
186,DEU,Schwalm-Eder-Kreis,DEU,Schwalm-Eder-Kreis,DEU,,,
187,DEU,Waldeck-Frankenberg,DEU,Waldeck-Frankenberg,DEU,,,
188,DEU,Werra-Meißner-Kreis,DEU,Werra-Meißner-Kreis,DEU,,,
189,DEU,Bad Doberan,DEU,Bad Doberan,DEU,,,
190,DEU,Demmin,DEU,Demmin,DEU,,,
191,DEU,Güstrow,DEU,Güstrow,DEU,,,
192,DEU,Greifswald Städte,DEU,Greifswald Städte,DEU,,,
193,DEU,Ludwigslust,DEU,Ludwigslust,DEU,,,
194,DEU,Müritz,DEU,Müritz,DEU,,,
195,DEU,Mecklenburg-Strelitz,DEU,Mecklenburg-Strelitz,DEU,,,
196,DEU,Neubrandenburg Städte,DEU,Neubrandenburg Städte,DEU,,,
197,DEU,Nordvorpommern,DEU,Nordvorpommern,DEU,,,
198,DEU,Nordwestmecklenburg,DEU,Nordwestmecklenburg,DEU,,,
199,DEU,Ostvorpommern,DEU,Ostvorpommern,DEU,,,
200,DEU,Parchim,DEU,Parchim,DEU,,,
201,DEU,Rügen,DEU,Rügen,DEU,,,
202,DEU,Rostock Städte,DEU,Rostock Städte,DEU,,,
203,DEU,Schwerin Städte,DEU,Schwerin Städte,DEU,,,
204,DEU,Stralsund Städte,DEU,Stralsund Städte,DEU,,,
205,DEU,Uecker-Randow,DEU,Uecker-Randow,DEU,,,
206,DEU,Wismar Städte,DEU,Wismar Städte,DEU,,,
207,DEU,Braunschweig Städte,DEU,Braunschweig Städte,DEU,,,
208,DEU,Göttingen,DEU,Göttingen,DEU,,,
209,DEU,Gifhorn,DEU,Gifhorn,DEU,,,
210,DEU,Goslar,DEU,Goslar,DEU,,,
211,DEU,Helmstedt,DEU,Helmstedt,DEU,,,
212,DEU,Northeim,DEU,Northeim,DEU,,,
213,DEU,Osterode,DEU,Osterode,DEU,,,
214,DEU,Peine,DEU,Peine,DEU,,,
215,DEU,Salzgitter Städte,DEU,Salzgitter Städte,DEU,,,
216,DEU,Wolfenbüttel,DEU,Wolfenbüttel,DEU,,,
217,DEU,Wolfsburg Städte,DEU,Wolfsburg Städte,DEU,,,
218,DEU,Diepholz,DEU,Diepholz,DEU,,,
219,DEU,Hamelin-Pyrmont,DEU,Hamelin-Pyrmont,DEU,,,
220,DEU,Hanover,DEU,Hanover,DEU,,,
221,DEU,Hildesheim,DEU,Hildesheim,DEU,,,
222,DEU,Holzminden,DEU,Holzminden,DEU,,,
223,DEU,Nienburg,DEU,Nienburg,DEU,,,
224,DEU,Schaumburg,DEU,Schaumburg,DEU,,,
225,DEU,Celle,DEU,Celle,DEU,,,
226,DEU,Cuxhaven,DEU,Cuxhaven,DEU,,,
227,DEU,Harburg,DEU,Harburg,DEU,,,
228,DEU,Osterholz,DEU,Osterholz,DEU,,,
229,DEU,Rotenburg,DEU,Rotenburg,DEU,,,
230,DEU,Soltau-Fallingbostel,DEU,Soltau-Fallingbostel,DEU,,,
231,DEU,Stade,DEU,Stade,DEU,,,
232,DEU,Verden,DEU,Verden,DEU,,,
233,DEU,Lüchow-Dannenberg,DEU,Lüchow-Dannenberg,DEU,,,
234,DEU,Lüneburg,DEU,Lüneburg,DEU,,,
235,DEU,Uelzen,DEU,Uelzen,DEU,,,
236,DEU,Ammerland,DEU,Ammerland,DEU,,,
237,DEU,Aurich,DEU,Aurich,DEU,,,
238,DEU,Cloppenburg,DEU,Cloppenburg,DEU,,,
239,DEU,Emden Städte,DEU,Emden Städte,DEU,,,
240,DEU,Emsland,DEU,Emsland,DEU,,,
241,DEU,Friesland,DEU,Friesland,DEU,,,
242,DEU,Grafschaft Bentheim,DEU,Grafschaft Bentheim,DEU,,,
243,DEU,Leer,DEU,Leer,DEU,,,
244,DEU,Oldenburg Städte,DEU,Oldenburg Städte,DEU,,,
245,DEU,Oldenburg,DEU,Oldenburg,DEU,,,
246,DEU,Osnabrück Städte,DEU,Osnabrück Städte,DEU,,,
247,DEU,Osnabrück,DEU,Osnabrück,DEU,,,
248,DEU,Vechta,DEU,Vechta,DEU,,,
249,DEU,Wesermarsch,DEU,Wesermarsch,DEU,,,
250,DEU,Wilhelmshaven Städte,DEU,Wilhelmshaven Städte,DEU,,,
251,DEU,Wittmund,DEU,Wittmund,DEU,,,
252,DEU,Bochum Städte,DEU,Bochum Städte,DEU,,,
253,DEU,Dortmund Städte,DEU,Dortmund Städte,DEU,,,
254,DEU,Ennepe-Ruhr,DEU,Ennepe-Ruhr,DEU,,,
255,DEU,Hagen Städte,DEU,Hagen Städte,DEU,,,
256,DEU,Hamm Städte,DEU,Hamm Städte,DEU,,,
257,DEU,Herne Städte,DEU,Herne Städte,DEU,,,
258,DEU,Hochsauerlandkreis,DEU,Hochsauerlandkreis,DEU,,,
259,DEU,Märkischer Kreis,DEU,Märkischer Kreis,DEU,,,
260,DEU,Olpe,DEU,Olpe,DEU,,,
261,DEU,Siegen-Wittgenstein,DEU,Siegen-Wittgenstein,DEU,,,
262,DEU,Soest,DEU,Soest,DEU,,,
263,DEU,Unna,DEU,Unna,DEU,,,
264,DEU,Cleves,DEU,Cleves,DEU,,,
265,DEU,Düsseldorf Städte,DEU,Düsseldorf Städte,DEU,,,
266,DEU,Duisburg Städte,DEU,Duisburg Städte,DEU,,,
267,DEU,Essen Städte,DEU,Essen Städte,DEU,,,
268,DEU,Krefeld Städte,DEU,Krefeld Städte,DEU,,,
269,DEU,Mönchengladbach Städte,DEU,Mönchengladbach Städte,DEU,,,
270,DEU,Mülheim Städte,DEU,Mülheim Städte,DEU,,,
271,DEU,Mettmann,DEU,Mettmann,DEU,,,
272,DEU,Oberhausen Städte,DEU,Oberhausen Städte,DEU,,,
273,DEU,Remscheid Städte,DEU,Remscheid Städte,DEU,,,
274,DEU,Rhein-Kreis Neuss,DEU,Rhein-Kreis Neuss,DEU,,,
275,DEU,Solingen Städte,DEU,Solingen Städte,DEU,,,
276,DEU,Viersen,DEU,Viersen,DEU,,,
277,DEU,Wesel,DEU,Wesel,DEU,,,
278,DEU,Wuppertal Städte,DEU,Wuppertal Städte,DEU,,,
279,DEU,Bielefeld Städte,DEU,Bielefeld Städte,DEU,,,
280,DEU,Gütersloh,DEU,Gütersloh,DEU,,,
281,DEU,Höxter,DEU,Höxter,DEU,,,
282,DEU,Herford,DEU,Herford,DEU,,,
283,DEU,Lippe,DEU,Lippe,DEU,,,
284,DEU,Minden-Lübbecke,DEU,Minden-Lübbecke,DEU,,,
285,DEU,Paderborn,DEU,Paderborn,DEU,,,
286,DEU,Aachen Städte,DEU,Aachen Städte,DEU,,,
287,DEU,Aachen,DEU,Aachen,DEU,,,
288,DEU,Bonn Städte,DEU,Bonn Städte,DEU,,,
289,DEU,Cologne Städte,DEU,Cologne Städte,DEU,,,
290,DEU,Düren,DEU,Düren,DEU,,,
291,DEU,Euskirchen,DEU,Euskirchen,DEU,,,
292,DEU,Heinsberg,DEU,Heinsberg,DEU,,,
293,DEU,Leverkusen Städte,DEU,Leverkusen Städte,DEU,,,
294,DEU,Oberbergischer Kreis,DEU,Oberbergischer Kreis,DEU,,,
295,DEU,Rhein-Erft-Kreis,DEU,Rhein-Erft-Kreis,DEU,,,
296,DEU,Rhein-Sieg,DEU,Rhein-Sieg,DEU,,,
297,DEU,Rheinisch-Bergischer Kreis,DEU,Rheinisch-Bergischer Kreis,DEU,,,
298,DEU,Borken,DEU,Borken,DEU,,,
299,DEU,Bottrop Städte,DEU,Bottrop Städte,DEU,,,
300,DEU,Coesfeld,DEU,Coesfeld,DEU,,,
301,DEU,Gelsenkirchen Städte,DEU,Gelsenkirchen Städte,DEU,,,
302,DEU,Münster Städte,DEU,Münster Städte,DEU,,,
303,DEU,Recklinghausen,DEU,Recklinghausen,DEU,,,
304,DEU,Steinfurt,DEU,Steinfurt,DEU,,,
305,DEU,Warendorf,DEU,Warendorf,DEU,,,
306,DEU,Ahrweiler,DEU,Ahrweiler,DEU,,,
307,DEU,Altenkirchen,DEU,Altenkirchen,DEU,,,
308,DEU,Bad Kreuznach,DEU,Bad Kreuznach,DEU,,,
309,DEU,Birkenfeld,DEU,Birkenfeld,DEU,,,
310,DEU,Cochem-Zell,DEU,Cochem-Zell,DEU,,,
311,DEU,Koblenz Coblenz Städte,DEU,Koblenz Coblenz Städte,DEU,,,
312,DEU,Mayen-Koblenz,DEU,Mayen-Koblenz,DEU,,,
313,DEU,Neuwied,DEU,Neuwied,DEU,,,
314,DEU,Rhein-Hunsrück,DEU,Rhein-Hunsrück,DEU,,,
315,DEU,Rhein-Lahn,DEU,Rhein-Lahn,DEU,,,
316,DEU,Westerwaldkreis,DEU,Westerwaldkreis,DEU,,,
317,DEU,Alzey-Worms,DEU,Alzey-Worms,DEU,,,
318,DEU,Bad Dürkheim,DEU,Bad Dürkheim,DEU,,,
319,DEU,Donnersbergkreis,DEU,Donnersbergkreis,DEU,,,
320,DEU,Frankenthal Städte,DEU,Frankenthal Städte,DEU,,,
321,DEU,Germersheim,DEU,Germersheim,DEU,,,
322,DEU,Kaiserslautern Städte,DEU,Kaiserslautern Städte,DEU,,,
323,DEU,Kaiserslautern,DEU,Kaiserslautern,DEU,,,
324,DEU,Kusel,DEU,Kusel,DEU,,,
325,DEU,Landau Städte,DEU,Landau Städte,DEU,,,
326,DEU,Ludwigshafen Städte,DEU,Ludwigshafen Städte,DEU,,,
327,DEU,Mainz-Bingen,DEU,Mainz-Bingen,DEU,,,
328,DEU,Mainz Städte,DEU,Mainz Städte,DEU,,,
329,DEU,Neustadt Städte,DEU,Neustadt Städte,DEU,,,
330,DEU,Rhein-Pfalz-Kreis,DEU,Rhein-Pfalz-Kreis,DEU,,,
331,DEU,Südliche Weinstraße,DEU,Südliche Weinstraße,DEU,,,
332,DEU,Südwestpfalz,DEU,Südwestpfalz,DEU,,,
333,DEU,Speyer Spires Städte,DEU,Speyer Spires Städte,DEU,,,
334,DEU,Worms Städte,DEU,Worms Städte,DEU,,,
335,DEU,Zweibrücken Städte,DEU,Zweibrücken Städte,DEU,,,
336,DEU,Bernkastel-Wittlich,DEU,Bernkastel-Wittlich,DEU,,,
337,DEU,Bitburg-Prüm,DEU,Bitburg-Prüm,DEU,,,
338,DEU,Trier-Saarburg,DEU,Trier-Saarburg,DEU,,,
339,DEU,Trier Städte,DEU,Trier Städte,DEU,,,
340,DEU,Vulkaneifel,DEU,Vulkaneifel,DEU,,,
341,DEU,Merzig-Wadern,DEU,Merzig-Wadern,DEU,,,
342,DEU,Neunkirchen,DEU,Neunkirchen,DEU,,,
343,DEU,Saarbrücken Städte,DEU,Saarbrücken Städte,DEU,,,
344,DEU,Saarlouis,DEU,Saarlouis,DEU,,,
345,DEU,Saarpfalz,DEU,Saarpfalz,DEU,,,
346,DEU,Sankt Wendel,DEU,Sankt Wendel,DEU,,,
347,DEU,Anhalt-Zerbst,DEU,Anhalt-Zerbst,DEU,,,
348,DEU,Bernburg,DEU,Bernburg,DEU,,,
349,DEU,Bitterfeld,DEU,Bitterfeld,DEU,,,
350,DEU,Dessau Städte,DEU,Dessau Städte,DEU,,,
351,DEU,Köthen,DEU,Köthen,DEU,,,
352,DEU,Wittenberg,DEU,Wittenberg,DEU,,,
353,DEU,Aschersleben-Staßfurt,DEU,Aschersleben-Staßfurt,DEU,,,
354,DEU,Burgenlandkreis,DEU,Burgenlandkreis,DEU,,,
355,DEU,Halle Städte,DEU,Halle Städte,DEU,,,
356,DEU,Mansfelder Land,DEU,Mansfelder Land,DEU,,,
357,DEU,Merseburg-Querfurt,DEU,Merseburg-Querfurt,DEU,,,
358,DEU,Saalkreis,DEU,Saalkreis,DEU,,,
359,DEU,Sangerhausen,DEU,Sangerhausen,DEU,,,
360,DEU,Weißenfels,DEU,Weißenfels,DEU,,,
361,DEU,Altmarkkreis Salzwedel,DEU,Altmarkkreis Salzwedel,DEU,,,
362,DEU,Bördekreis,DEU,Bördekreis,DEU,,,
363,DEU,Halberstadt,DEU,Halberstadt,DEU,,,
364,DEU,Jerichower Land,DEU,Jerichower Land,DEU,,,
365,DEU,Magdeburg Städte,DEU,Magdeburg Städte,DEU,,,
366,DEU,Ohrekreis,DEU,Ohrekreis,DEU,,,
367,DEU,Quedlinburg,DEU,Quedlinburg,DEU,,,
368,DEU,Schönebeck,DEU,Schönebeck,DEU,,,
369,DEU,Stendal,DEU,Stendal,DEU,,,
370,DEU,Wernigerode,DEU,Wernigerode,DEU,,,
371,DEU,Annaberg,DEU,Annaberg,DEU,,,
372,DEU,Aue-Schwarzenberg,DEU,Aue-Schwarzenberg,DEU,,,
373,DEU,Chemnitz Städte,DEU,Chemnitz Städte,DEU,,,
374,DEU,Chemnitzer Land,DEU,Chemnitzer Land,DEU,,,
375,DEU,Freiberg,DEU,Freiberg,DEU,,,
376,DEU,Mittlerer Erzgebirgskreis,DEU,Mittlerer Erzgebirgskreis,DEU,,,
377,DEU,Mittweida,DEU,Mittweida,DEU,,,
378,DEU,Plauen Städte,DEU,Plauen Städte,DEU,,,
379,DEU,Stollberg,DEU,Stollberg,DEU,,,
380,DEU,Vogtlandkreis,DEU,Vogtlandkreis,DEU,,,
381,DEU,Zwickau Städte,DEU,Zwickau Städte,DEU,,,
382,DEU,Zwickauer Land,DEU,Zwickauer Land,DEU,,,
383,DEU,Bautzen,DEU,Bautzen,DEU,,,
384,DEU,Dresden Städte,DEU,Dresden Städte,DEU,,,
385,DEU,Görlitz Städte,DEU,Görlitz Städte,DEU,,,
386,DEU,Kamenz,DEU,Kamenz,DEU,,,
387,DEU,Löbau-Zittau,DEU,Löbau-Zittau,DEU,,,
388,DEU,Meißen,DEU,Meißen,DEU,,,
389,DEU,Niederschlesischer Oberlausitzkreis,DEU,Niederschlesischer Oberlausitzkreis,DEU,,,
390,DEU,Riesa-Großenhain,DEU,Riesa-Großenhain,DEU,,,
391,DEU,Sächsische Schweiz,DEU,Sächsische Schweiz,DEU,,,
392,DEU,Weißeritzkreis,DEU,Weißeritzkreis,DEU,,,
393,DEU,Döbeln,DEU,Döbeln,DEU,,,
394,DEU,Delitzsch,DEU,Delitzsch,DEU,,,
395,DEU,Leipzig Städte,DEU,Leipzig Städte,DEU,,,
396,DEU,Leipziger Land,DEU,Leipziger Land,DEU,,,
397,DEU,Muldentalkreis,DEU,Muldentalkreis,DEU,,,
398,DEU,Torgau-Oschatz,DEU,Torgau-Oschatz,DEU,,,
399,DEU,Dithmarschen,DEU,Dithmarschen,DEU,,,
400,DEU,Flensburg Städte,DEU,Flensburg Städte,DEU,,,
401,DEU,Kiel Städte,DEU,Kiel Städte,DEU,,,
402,DEU,Lübeck Städte,DEU,Lübeck Städte,DEU,,,
403,DEU,Lauenburg,DEU,Lauenburg,DEU,,,
404,DEU,Neumünster Städte,DEU,Neumünster Städte,DEU,,,
405,DEU,Nordfriesland,DEU,Nordfriesland,DEU,,,
406,DEU,Ostholstein,DEU,Ostholstein,DEU,,,
407,DEU,Pinneberg,DEU,Pinneberg,DEU,,,
408,DEU,Plön,DEU,Plön,DEU,,,
409,DEU,Rendsburg-Eckernförde,DEU,Rendsburg-Eckernförde,DEU,,,
410,DEU,Schleswig-Flensburg,DEU,Schleswig-Flensburg,DEU,,,
411,DEU,Segeberg,DEU,Segeberg,DEU,,,
412,DEU,Steinburg,DEU,Steinburg,DEU,,,
413,DEU,Stormarn,DEU,Stormarn,DEU,,,
414,DEU,Altenburger Land,DEU,Altenburger Land,DEU,,,
415,DEU,Eichsfeld,DEU,Eichsfeld,DEU,,,
416,DEU,Erfurt Städte,DEU,Erfurt Städte,DEU,,,
417,DEU,Gera Städte,DEU,Gera Städte,DEU,,,
418,DEU,Gotha,DEU,Gotha,DEU,,,
419,DEU,Greiz,DEU,Greiz,DEU,,,
420,DEU,Hildburghausen,DEU,Hildburghausen,DEU,,,
421,DEU,Ilm-Kreis,DEU,Ilm-Kreis,DEU,,,
422,DEU,Jena Städte,DEU,Jena Städte,DEU,,,
423,DEU,Kyffhäuserkreis,DEU,Kyffhäuserkreis,DEU,,,
424,DEU,Nordhausen,DEU,Nordhausen,DEU,,,
425,DEU,Sömmerda,DEU,Sömmerda,DEU,,,
426,DEU,Saale-Holzland,DEU,Saale-Holzland,DEU,,,
427,DEU,Saale-Orla,DEU,Saale-Orla,DEU,,,
428,DEU,Saalfeld-Rudolstadt,DEU,Saalfeld-Rudolstadt,DEU,,,
429,DEU,Schmalkalden-Meiningen,DEU,Schmalkalden-Meiningen,DEU,,,
430,DEU,Sonneberg,DEU,Sonneberg,DEU,,,
431,DEU,Suhl Städte,DEU,Suhl Städte,DEU,,,
432,DEU,Unstrut-Hainich,DEU,Unstrut-Hainich,DEU,,,
433,DEU,Wartburgkreis,DEU,Wartburgkreis,DEU,,,
434,DEU,Weimar Städte,DEU,Weimar Städte,DEU,,,
435,DEU,Weimarer Land,DEU,Weimarer Land,DEU,,,
